{"cameraMode":{"drawMode":0,"name":"Shaded","section":"Shading Mode"},"sceneLighting":true,"audioPlay":false,"sceneViewState":{"showFog":true,"showMaterialUpdate":false,"showSkybox":true,"showFlares":true,"showImageEffects":true,"showParticleSystems":true},"in2DMode":false,"pivot":{"x":0.02002185583114624,"y":4.153505325317383,"z":-0.024593114852905275},"rotation":{"x":0.03594018891453743,"y":-0.9634832143783569,"z":0.16966679692268372,"w":0.20414529740810395},"size":0.8780857920646668,"orthographic":false}