{"cameraMode":{"drawMode":0,"name":"Shaded","section":"Shading Mode"},"sceneLighting":false,"audioPlay":false,"sceneViewState":{"showFog":true,"showMaterialUpdate":false,"showSkybox":false,"showFlares":true,"showImageEffects":true,"showParticleSystems":true},"in2DMode":false,"pivot":{"x":15.6406831741333,"y":9.307879447937012,"z":-11.550166130065918},"rotation":{"x":0.24320997297763825,"y":0.690557062625885,"z":-0.26823922991752627,"w":0.6261228919029236},"size":0.9592429995536804,"orthographic":false}