{"cameraMode":{"drawMode":0,"name":"Shaded","section":"Shading Mode"},"sceneLighting":true,"audioPlay":false,"sceneViewState":{"showFog":true,"showMaterialUpdate":false,"showSkybox":true,"showFlares":true,"showImageEffects":true,"showParticleSystems":true},"in2DMode":false,"pivot":{"x":-0.4683237075805664,"y":1.6838769912719727,"z":0.8039078712463379},"rotation":{"x":-0.15961116552352906,"y":0.5747658610343933,"z":-0.1154971793293953,"w":-0.7942774295806885},"size":5.978086471557617,"orthographic":false}