{"cameraMode":{"drawMode":0,"name":"Shaded","section":"Shading Mode"},"sceneLighting":false,"audioPlay":false,"sceneViewState":{"showFog":true,"showMaterialUpdate":false,"showSkybox":false,"showFlares":true,"showImageEffects":true,"showParticleSystems":true},"in2DMode":false,"pivot":{"x":3.9085693359375,"y":4.409977912902832,"z":0.2005157470703125},"rotation":{"x":-0.14302034676074983,"y":0.3415025770664215,"z":-0.052655432373285297,"w":-0.9274548292160034},"size":10.675507545471192,"orthographic":false}