{"cameraMode":{"drawMode":0,"name":"Shaded","section":"Shading Mode"},"sceneLighting":true,"audioPlay":false,"sceneViewState":{"showFog":true,"showMaterialUpdate":false,"showSkybox":true,"showFlares":true,"showImageEffects":true,"showParticleSystems":true},"in2DMode":false,"pivot":{"x":5.86042594909668,"y":-7.73099422454834,"z":11.574872016906739},"rotation":{"x":-0.25330278277397158,"y":-0.3548314869403839,"z":0.10049912333488465,"w":-0.8943400979042053},"size":15.311040878295899,"orthographic":false}